relative_source_path,cleanup_group,basis,detected_text
2-steel-access-floor-hpl/2-230-thickbox_steel-access-floor-hpl-cn.jpg,easy_footer_crop_or_cover,filename template and visual spot check,export@parete.netJ
2-steel-access-floor-hpl/2-230-thickbox_steel-access-floor-hpl.jpg,easy_footer_crop_or_cover,filename template and visual spot check,export@parete.netJ
2-steel-access-floor-hpl/2-231-thickbox_steel-access-floor-hpl-cn.jpg,easy_footer_crop_or_cover,filename template and visual spot check,export@parete.netJ
2-steel-access-floor-hpl/2-231-thickbox_steel-access-floor-hpl.jpg,easy_footer_crop_or_cover,filename template and visual spot check,export@parete.netJ
2-steel-access-floor-hpl/2-233-thickbox_steel-access-floor-hpl-cn.jpg,easy_footer_crop_or_cover,filename template and visual spot check,export@parete.net
2-steel-access-floor-hpl/2-233-thickbox_steel-access-floor-hpl.jpg,easy_footer_crop_or_cover,filename template and visual spot check,export@parete.net
2-steel-access-floor-hpl/2-234-thickbox_steel-access-floor-hpl-cn.jpg,easy_footer_crop_or_cover,filename template and visual spot check,export@parete.net
2-steel-access-floor-hpl/2-234-thickbox_steel-access-floor-hpl.jpg,easy_footer_crop_or_cover,filename template and visual spot check,export@parete.net
2-steel-access-floor-hpl/2-235-thickbox_steel-access-floor-hpl-cn.jpg,easy_footer_crop_or_cover,filename template and visual spot check,export@parete.net
2-steel-access-floor-hpl/2-235-thickbox_steel-access-floor-hpl.jpg,easy_footer_crop_or_cover,filename template and visual spot check,export@parete.net
2-steel-access-floor-hpl/2-275-thickbox_steel-access-floor-hpl-cn.jpg,easy_footer_crop_or_cover,filename template and visual spot check,export@parete.net
2-steel-access-floor-hpl/2-275-thickbox_steel-access-floor-hpl.jpg,easy_footer_crop_or_cover,filename template and visual spot check,export@parete.net
2-steel-access-floor-hpl/images_01-steel_access_floor-1.png,bottom_url_mask_candidate,OCR detected URL in bottom 15 percent,www.parete.nei
2-steel-access-floor-hpl/images_01-steel_access_floor.png,bottom_url_mask_candidate,OCR detected URL in bottom 15 percent,www.parete.net
24-steel-access-floor-pvc/24-243-thickbox_steel-access-floor-pvc-cn.jpg,easy_footer_crop_or_cover,filename template and visual spot check,export@parete.net
24-steel-access-floor-pvc/24-243-thickbox_steel-access-floor-pvc.jpg,easy_footer_crop_or_cover,filename template and visual spot check,export@parete.net
24-steel-access-floor-pvc/24-244-thickbox_steel-access-floor-pvc-cn.jpg,easy_footer_crop_or_cover,filename template and visual spot check,export@parete.net
24-steel-access-floor-pvc/24-244-thickbox_steel-access-floor-pvc.jpg,easy_footer_crop_or_cover,filename template and visual spot check,export@parete.net
24-steel-access-floor-pvc/24-246-thickbox_steel-access-floor-pvc-cn.jpg,easy_footer_crop_or_cover,filename template and visual spot check,export@parete.net
24-steel-access-floor-pvc/24-246-thickbox_steel-access-floor-pvc.jpg,easy_footer_crop_or_cover,filename template and visual spot check,export@parete.net
24-steel-access-floor-pvc/24-247-thickbox_steel-access-floor-pvc-cn.jpg,easy_footer_crop_or_cover,filename template and visual spot check,export@parete.net
24-steel-access-floor-pvc/24-247-thickbox_steel-access-floor-pvc.jpg,easy_footer_crop_or_cover,filename template and visual spot check,export@parete.net
24-steel-access-floor-pvc/24-248-thickbox_steel-access-floor-pvc-cn.jpg,easy_footer_crop_or_cover,filename template and visual spot check,export@parete.net
24-steel-access-floor-pvc/24-248-thickbox_steel-access-floor-pvc.jpg,easy_footer_crop_or_cover,filename template and visual spot check,export@parete.net
24-steel-access-floor-pvc/24-250-thickbox_steel-access-floor-pvc-cn.jpg,easy_footer_crop_or_cover,filename template and visual spot check,export@parete.net
24-steel-access-floor-pvc/24-250-thickbox_steel-access-floor-pvc.jpg,easy_footer_crop_or_cover,filename template and visual spot check,export@parete.net
25-steel-access-floor-ceramic/25-269-thickbox_steel-access-floor-ceramic.jpg,easy_footer_crop_or_cover,filename template and visual spot check,export@parete.netJ
25-steel-access-floor-ceramic/25-270-thickbox_steel-access-floor-ceramic.jpg,easy_footer_crop_or_cover,filename template and visual spot check,export@parete.net
25-steel-access-floor-ceramic/25-271-thickbox_steel-access-floor-ceramic.jpg,easy_footer_crop_or_cover,filename template and visual spot check,export@parete.net
25-steel-access-floor-ceramic/25-272-thickbox_steel-access-floor-ceramic.jpg,easy_footer_crop_or_cover,filename template and visual spot check,export@parete.net
25-steel-access-floor-ceramic/25-273-thickbox_steel-access-floor-ceramic.jpg,easy_footer_crop_or_cover,filename template and visual spot check,export@parete.netJ
25-steel-access-floor-ceramic/25-274-thickbox_steel-access-floor-ceramic.jpg,easy_footer_crop_or_cover,filename template and visual spot check,export@parete.netJ
25-steel-access-floor-ceramic/images_05-__.jpg,manual_review,no OCR URL match; may include small low-contrast URLs,
25-steel-access-floor-ceramic/images_05-details.jpg,manual_review,no OCR URL match; may include small low-contrast URLs,
25-steel-access-floor-ceramic/images_05-steel-ceramic-01.jpg,bottom_url_mask_candidate,OCR detected URL in bottom 15 percent,www.parete.net
25-steel-access-floor-ceramic/images_05-steel-ceramic-02.jpg,bottom_url_mask_candidate,OCR detected URL in bottom 15 percent,www.parete.net
25-steel-access-floor-ceramic/images_05-steel-ceramic-03.jpg,bottom_url_mask_candidate,OCR detected URL in bottom 15 percent,www.parete.net
25-steel-access-floor-ceramic/images_05-steel-ceramic-04.jpg,bottom_url_mask_candidate,OCR detected URL in bottom 15 percent,www.parete.net
25-steel-access-floor-ceramic/images_05-steel-ceramic-05.jpg,bottom_url_mask_candidate,OCR detected URL in bottom 15 percent,www.parete.nei
25-steel-access-floor-ceramic/images_05-steel-ceramic-06.jpg,bottom_url_mask_candidate,OCR detected URL in bottom 15 percent,www.parete.nei
25-steel-access-floor-ceramic/images_05-steel-ceramic-07.jpg,bottom_url_mask_candidate,OCR detected URL in bottom 15 percent,www.parete.nei
25-steel-access-floor-ceramic/images_05-steel-ceramic-08.jpg,bottom_url_mask_candidate,OCR detected URL in bottom 15 percent,www.parete.net
25-steel-access-floor-ceramic/images_05-steel-ceramic-10.jpg,bottom_url_mask_candidate,OCR detected URL in bottom 15 percent,www.parete.nei
25-steel-access-floor-ceramic/images_05-steel-ceramic-11.jpg,bottom_url_mask_candidate,OCR detected URL in bottom 15 percent,www.parete.net
25-steel-access-floor-ceramic/images_05-steel-ceramic-12.jpg,bottom_url_mask_candidate,OCR detected URL in bottom 15 percent,www.parete.nei
25-steel-access-floor-ceramic/images_05-steel-ceramic-13.jpg,bottom_url_mask_candidate,OCR detected URL in bottom 15 percent,www.parete.nei
25-steel-access-floor-ceramic/images_05-steel-ceramic-14.jpg,manual_review,no OCR URL match; may include small low-contrast URLs,
25-steel-access-floor-ceramic/images_05-steel-ceramic-15.jpg,bottom_url_mask_candidate,OCR detected URL in bottom 15 percent,www.parete.nei
25-steel-access-floor-ceramic/images_05-steel-ceramic-9.jpg,bottom_url_mask_candidate,OCR detected URL in bottom 15 percent,www.parete.net
25-steel-access-floor-ceramic/images_05-structure.jpg,manual_review,no OCR URL match; may include small low-contrast URLs,
25-steel-access-floor-ceramic/images_05-strucuture.png,bottom_url_mask_candidate,OCR detected URL in bottom 15 percent,www.parete.net
26-steel-access-floor-linoleum/26-276-thickbox_steel-access-floor-linoleum.jpg,easy_footer_crop_or_cover,filename template and visual spot check,export@parete.net
26-steel-access-floor-linoleum/26-277-thickbox_steel-access-floor-linoleum.jpg,easy_footer_crop_or_cover,filename template and visual spot check,export@parete.net
27-steel-access-floor-rubber/27-266-thickbox_steel-access-floor-rubber.jpg,easy_footer_crop_or_cover,filename template and visual spot check,export@parete.netJ
27-steel-access-floor-rubber/27-267-thickbox_steel-access-floor-rubber.jpg,easy_footer_crop_or_cover,filename template and visual spot check,export@parete.netJ
27-steel-access-floor-rubber/27-268-thickbox_steel-access-floor-rubber.jpg,easy_footer_crop_or_cover,filename template and visual spot check,export@parete.net
28-calium-sulphate-access-floor-hpl/28-279-thickbox_calium-sulphate-access-floor-hpl.jpg,easy_footer_crop_or_cover,filename template and visual spot check,export@parete.net
28-calium-sulphate-access-floor-hpl/28-280-thickbox_calium-sulphate-access-floor-hpl.jpg,easy_footer_crop_or_cover,filename template and visual spot check,export@parete.net
28-calium-sulphate-access-floor-hpl/28-281-thickbox_calium-sulphate-access-floor-hpl.jpg,easy_footer_crop_or_cover,filename template and visual spot check,export@parete.net
28-calium-sulphate-access-floor-hpl/28-282-thickbox_calium-sulphate-access-floor-hpl.jpg,easy_footer_crop_or_cover,filename template and visual spot check,export@parete.net
28-calium-sulphate-access-floor-hpl/28-283-thickbox_calium-sulphate-access-floor-hpl.jpg,easy_footer_crop_or_cover,filename template and visual spot check,export@parete.net
29-calium-sulphate-access-floor-ceramic/29-291-thickbox_calium-sulphate-access-floor-ceramic.jpg,easy_footer_crop_or_cover,filename template and visual spot check,export@parete.netJ
29-calium-sulphate-access-floor-ceramic/29-292-thickbox_calium-sulphate-access-floor-ceramic.jpg,easy_footer_crop_or_cover,filename template and visual spot check,export@parete.net
29-calium-sulphate-access-floor-ceramic/29-293-thickbox_calium-sulphate-access-floor-ceramic.jpg,easy_footer_crop_or_cover,filename template and visual spot check,export@parete.net
29-calium-sulphate-access-floor-ceramic/29-294-thickbox_calium-sulphate-access-floor-ceramic.jpg,easy_footer_crop_or_cover,filename template and visual spot check,export@parete.net
29-calium-sulphate-access-floor-ceramic/29-295-thickbox_calium-sulphate-access-floor-ceramic.jpg,easy_footer_crop_or_cover,filename template and visual spot check,export@parete.netJ
29-calium-sulphate-access-floor-ceramic/29-296-thickbox_calium-sulphate-access-floor-ceramic.jpg,easy_footer_crop_or_cover,filename template and visual spot check,export@parete.netJ
30-calium-sulphate-access-floor-pvc/30-297-thickbox_calium-sulphate-access-floor-pvc.jpg,easy_footer_crop_or_cover,filename template and visual spot check,export@parete.netJ
30-calium-sulphate-access-floor-pvc/30-298-thickbox_calium-sulphate-access-floor-pvc.jpg,easy_footer_crop_or_cover,filename template and visual spot check,export@parete.netJ
30-calium-sulphate-access-floor-pvc/30-299-thickbox_calium-sulphate-access-floor-pvc.jpg,easy_footer_crop_or_cover,filename template and visual spot check,export@parete.net
31-calium-sulphate-access-floor-llinoleum/31-305-thickbox_calium-sulphate-access-floor-llinoleum.jpg,easy_footer_crop_or_cover,filename template and visual spot check,export@parete.netJ
31-calium-sulphate-access-floor-llinoleum/31-306-thickbox_calium-sulphate-access-floor-llinoleum.jpg,easy_footer_crop_or_cover,filename template and visual spot check,export@parete.net
32-calium-sulphate-access-floor-woodparquet/32-308-thickbox_calium-sulphate-access-floor-woodparquet.jpg,easy_footer_crop_or_cover,filename template and visual spot check,export@parete.netJ
32-calium-sulphate-access-floor-woodparquet/32-309-thickbox_calium-sulphate-access-floor-woodparquet.jpg,easy_footer_crop_or_cover,filename template and visual spot check,export@parete.net
32-calium-sulphate-access-floor-woodparquet/32-310-thickbox_calium-sulphate-access-floor-woodparquet.jpg,easy_footer_crop_or_cover,filename template and visual spot check,export@parete.net
33-calium-sulphate-access-floor-woodlaminate/33-311-thickbox_calium-sulphate-access-floor-woodlaminate.jpg,easy_footer_crop_or_cover,filename template and visual spot check,export@parete.netJ
33-calium-sulphate-access-floor-woodlaminate/33-312-thickbox_calium-sulphate-access-floor-woodlaminate.jpg,easy_footer_crop_or_cover,filename template and visual spot check,export@parete.net
33-calium-sulphate-access-floor-woodlaminate/33-313-thickbox_calium-sulphate-access-floor-woodlaminate.jpg,easy_footer_crop_or_cover,filename template and visual spot check,export@parete.net
34-aluminum-access-floor/34-314-thickbox_aluminum-access-floor.jpg,easy_footer_crop_or_cover,filename template and visual spot check,export@parete.netJ
34-aluminum-access-floor/34-315-thickbox_aluminum-access-floor.jpg,easy_footer_crop_or_cover,filename template and visual spot check,export@parete.net
34-aluminum-access-floor/34-316-thickbox_aluminum-access-floor.jpg,easy_footer_crop_or_cover,filename template and visual spot check,export@parete.net
34-aluminum-access-floor/34-317-thickbox_aluminum-access-floor.jpg,easy_footer_crop_or_cover,filename template and visual spot check,export@parete.net
34-aluminum-access-floor/34-318-thickbox_aluminum-access-floor.jpg,easy_footer_crop_or_cover,filename template and visual spot check,export@parete.net
39-steel-ventilation-access-floor/39-335-thickbox_steel-access-floor-hpl.jpg,easy_footer_crop_or_cover,filename template and visual spot check,
39-steel-ventilation-access-floor/39-335-thickbox_steel-ventilation-access-floor.jpg,easy_footer_crop_or_cover,filename template and visual spot check,
39-steel-ventilation-access-floor/39-336-thickbox_steel-access-floor-hpl.jpg,easy_footer_crop_or_cover,filename template and visual spot check,export@parete.net
39-steel-ventilation-access-floor/39-336-thickbox_steel-ventilation-access-floor.jpg,easy_footer_crop_or_cover,filename template and visual spot check,export@parete.net
39-steel-ventilation-access-floor/images_steel_ventilation_floor-vf2-1.jpg,bottom_url_mask_candidate,OCR detected URL in bottom 15 percent,www.parete.net
39-steel-ventilation-access-floor/images_steel_ventilation_floor-vf2-10.jpg,bottom_url_mask_candidate,OCR detected URL in bottom 15 percent,www.parete.net
39-steel-ventilation-access-floor/images_steel_ventilation_floor-vf2-11.jpg,manual_review,no OCR URL match; may include small low-contrast URLs,
39-steel-ventilation-access-floor/images_steel_ventilation_floor-vf2-2.png,manual_review,no OCR URL match; may include small low-contrast URLs,
39-steel-ventilation-access-floor/images_steel_ventilation_floor-vf2-3.png,manual_review,no OCR URL match; may include small low-contrast URLs,
39-steel-ventilation-access-floor/images_steel_ventilation_floor-vf2-4.jpg,manual_review,no OCR URL match; may include small low-contrast URLs,
39-steel-ventilation-access-floor/images_steel_ventilation_floor-vf2-5.jpg,bottom_url_mask_candidate,OCR detected URL in bottom 15 percent,www.parete.net
39-steel-ventilation-access-floor/images_steel_ventilation_floor-vf2-6.jpg,bottom_url_mask_candidate,OCR detected URL in bottom 15 percent,www.parete.nei
39-steel-ventilation-access-floor/images_steel_ventilation_floor-vf2-7.jpg,manual_review,no OCR URL match; may include small low-contrast URLs,
39-steel-ventilation-access-floor/images_steel_ventilation_floor-vf2-8.jpg,bottom_url_mask_candidate,OCR detected URL in bottom 15 percent,www.parete.nei
39-steel-ventilation-access-floor/images_steel_ventilation_floor-vf2-9.jpg,bottom_url_mask_candidate,OCR detected URL in bottom 15 percent,www.parete.net
40-steel-ventilation-access-floor/40-337-thickbox_steel-access-floor-hpl.jpg,easy_footer_crop_or_cover,filename template and visual spot check,export@parete.net
40-steel-ventilation-access-floor/40-337-thickbox_steel-ventilation-access-floor.jpg,easy_footer_crop_or_cover,filename template and visual spot check,export@parete.net
40-steel-ventilation-access-floor/40-338-thickbox_steel-access-floor-hpl.jpg,easy_footer_crop_or_cover,filename template and visual spot check,export@parete.net
40-steel-ventilation-access-floor/40-338-thickbox_steel-ventilation-access-floor.jpg,easy_footer_crop_or_cover,filename template and visual spot check,export@parete.net
40-steel-ventilation-access-floor/40-339-thickbox_steel-access-floor-hpl.jpg,easy_footer_crop_or_cover,filename template and visual spot check,export@parete.net
40-steel-ventilation-access-floor/40-339-thickbox_steel-ventilation-access-floor.jpg,easy_footer_crop_or_cover,filename template and visual spot check,export@parete.net
40-steel-ventilation-access-floor/40-340-thickbox_steel-access-floor-hpl.jpg,easy_footer_crop_or_cover,filename template and visual spot check,export@parete.net
40-steel-ventilation-access-floor/40-340-thickbox_steel-ventilation-access-floor.jpg,easy_footer_crop_or_cover,filename template and visual spot check,export@parete.net
40-steel-ventilation-access-floor/images_steel_ventilation_floor-vf1-21-0.jpg,bottom_url_mask_candidate,OCR detected URL in bottom 15 percent,www.parete.net
40-steel-ventilation-access-floor/images_steel_ventilation_floor-vf1-21-01.jpg,bottom_url_mask_candidate,OCR detected URL in bottom 15 percent,www.parete.net
40-steel-ventilation-access-floor/images_steel_ventilation_floor-vf1-21-1.jpg,bottom_url_mask_candidate,OCR detected URL in bottom 15 percent,www.parete.nei
40-steel-ventilation-access-floor/images_steel_ventilation_floor-vf1-21-10.jpg,manual_review,no OCR URL match; may include small low-contrast URLs,
40-steel-ventilation-access-floor/images_steel_ventilation_floor-vf1-21-11.jpg,manual_review,no OCR URL match; may include small low-contrast URLs,
40-steel-ventilation-access-floor/images_steel_ventilation_floor-vf1-21-12.jpg,manual_review,no OCR URL match; may include small low-contrast URLs,
40-steel-ventilation-access-floor/images_steel_ventilation_floor-vf1-21-13.jpg,bottom_url_mask_candidate,OCR detected URL in bottom 15 percent,www.parete.nei
40-steel-ventilation-access-floor/images_steel_ventilation_floor-vf1-21-14.jpg,manual_review,no OCR URL match; may include small low-contrast URLs,
40-steel-ventilation-access-floor/images_steel_ventilation_floor-vf1-21-2.jpg,manual_review,no OCR URL match; may include small low-contrast URLs,
40-steel-ventilation-access-floor/images_steel_ventilation_floor-vf1-21-3.jpg,bottom_url_mask_candidate,OCR detected URL in bottom 15 percent,www.parete.net
40-steel-ventilation-access-floor/images_steel_ventilation_floor-vf1-21-4.jpg,bottom_url_mask_candidate,OCR detected URL in bottom 15 percent,www.parete.net
40-steel-ventilation-access-floor/images_steel_ventilation_floor-vf1-21-5.jpg,bottom_url_mask_candidate,OCR detected URL in bottom 15 percent,www.parete.nei
40-steel-ventilation-access-floor/images_steel_ventilation_floor-vf1-21-6.jpg,bottom_url_mask_candidate,OCR detected URL in bottom 15 percent,www.parete.net
40-steel-ventilation-access-floor/images_steel_ventilation_floor-vf1-21-7.jpg,manual_review,no OCR URL match; may include small low-contrast URLs,
40-steel-ventilation-access-floor/images_steel_ventilation_floor-vf1-21-8.jpg,manual_review,no OCR URL match; may include small low-contrast URLs,
40-steel-ventilation-access-floor/images_steel_ventilation_floor-vf1-21-9.jpg,manual_review,no OCR URL match; may include small low-contrast URLs,
40-steel-ventilation-access-floor/images_steel_ventilation_floor-vf1-21.png,bottom_url_mask_candidate,OCR detected URL in bottom 15 percent,www.parete.net
41-steel-ventilation-access-floor/41-341-thickbox_steel-access-floor-hpl.jpg,easy_footer_crop_or_cover,filename template and visual spot check,export@parete.net
41-steel-ventilation-access-floor/41-341-thickbox_steel-ventilation-access-floor.jpg,easy_footer_crop_or_cover,filename template and visual spot check,export@parete.net
41-steel-ventilation-access-floor/41-342-thickbox_steel-access-floor-hpl.jpg,easy_footer_crop_or_cover,filename template and visual spot check,export@parete.net
41-steel-ventilation-access-floor/41-342-thickbox_steel-ventilation-access-floor.jpg,easy_footer_crop_or_cover,filename template and visual spot check,export@parete.net
41-steel-ventilation-access-floor/images_steel_ventilation_floor-vf3-1.png,bottom_url_mask_candidate,OCR detected URL in bottom 15 percent,www.parete.net
41-steel-ventilation-access-floor/images_steel_ventilation_floor-vf3-10.jpg,bottom_url_mask_candidate,OCR detected URL in bottom 15 percent,www.parete.nei
41-steel-ventilation-access-floor/images_steel_ventilation_floor-vf3-11.jpg,manual_review,no OCR URL match; may include small low-contrast URLs,
41-steel-ventilation-access-floor/images_steel_ventilation_floor-vf3-12.jpg,manual_review,no OCR URL match; may include small low-contrast URLs,
41-steel-ventilation-access-floor/images_steel_ventilation_floor-vf3-13.jpg,bottom_url_mask_candidate,OCR detected URL in bottom 15 percent,www.parete.net
41-steel-ventilation-access-floor/images_steel_ventilation_floor-vf3-14.jpg,bottom_url_mask_candidate,OCR detected URL in bottom 15 percent,www.parete.net
41-steel-ventilation-access-floor/images_steel_ventilation_floor-vf3-15.jpg,bottom_url_mask_candidate,OCR detected URL in bottom 15 percent,vww.parete.net
41-steel-ventilation-access-floor/images_steel_ventilation_floor-vf3-16.jpg,manual_review,no OCR URL match; may include small low-contrast URLs,
41-steel-ventilation-access-floor/images_steel_ventilation_floor-vf3-2.jpg,bottom_url_mask_candidate,OCR detected URL in bottom 15 percent,www.parete.net
41-steel-ventilation-access-floor/images_steel_ventilation_floor-vf3-3.jpg,bottom_url_mask_candidate,OCR detected URL in bottom 15 percent,www.parete.net
41-steel-ventilation-access-floor/images_steel_ventilation_floor-vf3-4.jpg,bottom_url_mask_candidate,OCR detected URL in bottom 15 percent,vw.parete.net
41-steel-ventilation-access-floor/images_steel_ventilation_floor-vf3-5.jpg,manual_review,no OCR URL match; may include small low-contrast URLs,
41-steel-ventilation-access-floor/images_steel_ventilation_floor-vf3-6.jpg,manual_review,no OCR URL match; may include small low-contrast URLs,
41-steel-ventilation-access-floor/images_steel_ventilation_floor-vf3-7.jpg,bottom_url_mask_candidate,OCR detected URL in bottom 15 percent,www.parete.nei
41-steel-ventilation-access-floor/images_steel_ventilation_floor-vf3-8.jpg,bottom_url_mask_candidate,OCR detected URL in bottom 15 percent,www.parete.nei
41-steel-ventilation-access-floor/images_steel_ventilation_floor-vf3-9.jpg,bottom_url_mask_candidate,OCR detected URL in bottom 15 percent,www.parete.niei
42-steel-ventilation-access-floor/42-343-thickbox_steel-access-floor-hpl.jpg,easy_footer_crop_or_cover,filename template and visual spot check,export@parete.net
42-steel-ventilation-access-floor/42-343-thickbox_steel-ventilation-access-floor.jpg,easy_footer_crop_or_cover,filename template and visual spot check,export@parete.net
42-steel-ventilation-access-floor/42-344-thickbox_steel-access-floor-hpl.jpg,easy_footer_crop_or_cover,filename template and visual spot check,export@parete.net
42-steel-ventilation-access-floor/42-344-thickbox_steel-ventilation-access-floor.jpg,easy_footer_crop_or_cover,filename template and visual spot check,export@parete.net
42-steel-ventilation-access-floor/images_steel_ventilation_floor-vf4-0.jpg,manual_review,no OCR URL match; may include small low-contrast URLs,
42-steel-ventilation-access-floor/images_steel_ventilation_floor-vf4-1.jpg,bottom_url_mask_candidate,OCR detected URL in bottom 15 percent,www.parete.nei
42-steel-ventilation-access-floor/images_steel_ventilation_floor-vf4-2.png,manual_review,no OCR URL match; may include small low-contrast URLs,
42-steel-ventilation-access-floor/images_steel_ventilation_floor-vf4-3.jpg,manual_review,no OCR URL match; may include small low-contrast URLs,
42-steel-ventilation-access-floor/images_steel_ventilation_floor-vf4-4.jpg,bottom_url_mask_candidate,OCR detected URL in bottom 15 percent,2wwwwparete.net
42-steel-ventilation-access-floor/images_steel_ventilation_floor-vf4-5.jpg,manual_review,no OCR URL match; may include small low-contrast URLs,
42-steel-ventilation-access-floor/images_steel_ventilation_floor-vf4-6.jpg,bottom_url_mask_candidate,OCR detected URL in bottom 15 percent,www.parete.nei
42-steel-ventilation-access-floor/images_steel_ventilation_floor-vf4-7.jpg,bottom_url_mask_candidate,OCR detected URL in bottom 15 percent,www.parete.net
43-steel-ventilation-access-floor/43-349-thickbox_steel-access-floor-hpl.jpg,easy_footer_crop_or_cover,filename template and visual spot check,export@parete.net
43-steel-ventilation-access-floor/43-349-thickbox_steel-ventilation-access-floor.jpg,easy_footer_crop_or_cover,filename template and visual spot check,export@parete.net
43-steel-ventilation-access-floor/images_steel_ventilation_floor-vf5-1.jpg,bottom_url_mask_candidate,OCR detected URL in bottom 15 percent,www.parete.nei
43-steel-ventilation-access-floor/images_steel_ventilation_floor-vf5-2.png,bottom_url_mask_candidate,OCR detected URL in bottom 15 percent,www.parete.ne
43-steel-ventilation-access-floor/images_steel_ventilation_floor-vf5-3.jpg,bottom_url_mask_candidate,OCR detected URL in bottom 15 percent,www.parete.rei
43-steel-ventilation-access-floor/images_steel_ventilation_floor-vf5-4.jpg,manual_review,no OCR URL match; may include small low-contrast URLs,
43-steel-ventilation-access-floor/images_steel_ventilation_floor-vf5-5.jpg,bottom_url_mask_candidate,OCR detected URL in bottom 15 percent,www.parete.net
43-steel-ventilation-access-floor/images_steel_ventilation_floor-vf5-6.jpg,manual_review,no OCR URL match; may include small low-contrast URLs,
43-steel-ventilation-access-floor/images_steel_ventilation_floor-vf5-7.jpg,manual_review,no OCR URL match; may include small low-contrast URLs,
44-aluminum-access-floor-ventilation/44-352-thickbox_aluminum-access-floor-ventilation.jpg,easy_footer_crop_or_cover,filename template and visual spot check,export@parete.net
44-aluminum-access-floor-ventilation/44-353-thickbox_aluminum-access-floor-ventilation.jpg,easy_footer_crop_or_cover,filename template and visual spot check,export@parete.net
46-steel-raised-floor-c1/46-362-thickbox_steel-raised-floor-c1.jpg,easy_footer_crop_or_cover,filename template and visual spot check,export@parete.net
46-steel-raised-floor-c1/46-362-thickbox_steel-raised-floor-trunk-c1-500.jpg,easy_footer_crop_or_cover,filename template and visual spot check,export@parete.net
46-steel-raised-floor-c1/46-363-thickbox_steel-raised-floor-c1.jpg,easy_footer_crop_or_cover,filename template and visual spot check,export@parete.net
46-steel-raised-floor-c1/46-363-thickbox_steel-raised-floor-trunk-c1-500.jpg,easy_footer_crop_or_cover,filename template and visual spot check,export@parete.net
47-steel-raised-floor-c1/47-364-thickbox_steel-raised-floor-c1.jpg,easy_footer_crop_or_cover,filename template and visual spot check,export@parete.net
47-steel-raised-floor-c1/47-364-thickbox_steel-raised-floor-trunk-c1-500.jpg,easy_footer_crop_or_cover,filename template and visual spot check,export@parete.net
47-steel-raised-floor-c1/47-365-thickbox_steel-raised-floor-c1.jpg,easy_footer_crop_or_cover,filename template and visual spot check,export@parete.net
47-steel-raised-floor-c1/47-365-thickbox_steel-raised-floor-trunk-c1-500.jpg,easy_footer_crop_or_cover,filename template and visual spot check,export@parete.net
47-steel-raised-floor-c1/images_C2-Indepedent_support_raised_floor_system-1.jpg,bottom_url_mask_candidate,OCR detected URL in bottom 15 percent,www.parete.net
47-steel-raised-floor-c1/images_C2-Indepedent_support_raised_floor_system-10.JPG,manual_review,no OCR URL match; may include small low-contrast URLs,
47-steel-raised-floor-c1/images_C2-Indepedent_support_raised_floor_system-11.JPG,bottom_url_mask_candidate,OCR detected URL in bottom 15 percent,www.parete.nei
47-steel-raised-floor-c1/images_C2-Indepedent_support_raised_floor_system-12.JPG,bottom_url_mask_candidate,OCR detected URL in bottom 15 percent,www.parete.net
47-steel-raised-floor-c1/images_C2-Indepedent_support_raised_floor_system-13.JPG,manual_review,no OCR URL match; may include small low-contrast URLs,
47-steel-raised-floor-c1/images_C2-Indepedent_support_raised_floor_system-2.jpg,bottom_url_mask_candidate,OCR detected URL in bottom 15 percent,ww.parete.net7
47-steel-raised-floor-c1/images_C2-Indepedent_support_raised_floor_system-3.jpg,bottom_url_mask_candidate,OCR detected URL in bottom 15 percent,www.parete-accessfloor.com; www.parete.net
47-steel-raised-floor-c1/images_C2-Indepedent_support_raised_floor_system-4.jpg,bottom_url_mask_candidate,OCR detected URL in bottom 15 percent,www.parete-accessfloor.com; www_parete.net
47-steel-raised-floor-c1/images_C2-Indepedent_support_raised_floor_system-5.JPG,manual_review,no OCR URL match; may include small low-contrast URLs,
47-steel-raised-floor-c1/images_C2-Indepedent_support_raised_floor_system-6.jpg,bottom_url_mask_candidate,OCR detected URL in bottom 15 percent,www.parete-accessfloor.com; www.parete.net
47-steel-raised-floor-c1/images_C2-Indepedent_support_raised_floor_system-7.jpg,bottom_url_mask_candidate,OCR detected URL in bottom 15 percent,www.parete-accessfloor.com
47-steel-raised-floor-c1/images_C2-Indepedent_support_raised_floor_system-8.JPG,bottom_url_mask_candidate,OCR detected URL in bottom 15 percent,www.parete.nei
47-steel-raised-floor-c1/images_C2-Indepedent_support_raised_floor_system-9.JPG,bottom_url_mask_candidate,OCR detected URL in bottom 15 percent,www.parete.net
48-steel-raised-floor-c1/48-366-thickbox_steel-raised-floor-c1.jpg,easy_footer_crop_or_cover,filename template and visual spot check,export@parete.netJ
48-steel-raised-floor-c1/48-366-thickbox_steel-raised-floor-trunk-c1-500.jpg,easy_footer_crop_or_cover,filename template and visual spot check,export@parete.netJ
48-steel-raised-floor-c1/images_C3-600_Indepedent_support_raised_floor_system-0.JPG,bottom_url_mask_candidate,OCR detected URL in bottom 15 percent,www.parete.nei
48-steel-raised-floor-c1/images_C3-600_Indepedent_support_raised_floor_system-1.jpg,bottom_url_mask_candidate,OCR detected URL in bottom 15 percent,www.parete.nei
48-steel-raised-floor-c1/images_C3-600_Indepedent_support_raised_floor_system-10.jpg,bottom_url_mask_candidate,OCR detected URL in bottom 15 percent,www.parete.net
48-steel-raised-floor-c1/images_C3-600_Indepedent_support_raised_floor_system-11.jpg,bottom_url_mask_candidate,OCR detected URL in bottom 15 percent,www.parete.nei
48-steel-raised-floor-c1/images_C3-600_Indepedent_support_raised_floor_system-12.jpg,bottom_url_mask_candidate,OCR detected URL in bottom 15 percent,www.parete.net
48-steel-raised-floor-c1/images_C3-600_Indepedent_support_raised_floor_system-13.jpg,bottom_url_mask_candidate,OCR detected URL in bottom 15 percent,www.parete.net
48-steel-raised-floor-c1/images_C3-600_Indepedent_support_raised_floor_system-14.jpg,bottom_url_mask_candidate,OCR detected URL in bottom 15 percent,www.parete.net
48-steel-raised-floor-c1/images_C3-600_Indepedent_support_raised_floor_system-2.jpg,bottom_url_mask_candidate,OCR detected URL in bottom 15 percent,www.parete-accessfloor.com; www.parete.net
48-steel-raised-floor-c1/images_C3-600_Indepedent_support_raised_floor_system-3.jpg,bottom_url_mask_candidate,OCR detected URL in bottom 15 percent,www.parete.nei
48-steel-raised-floor-c1/images_C3-600_Indepedent_support_raised_floor_system-4.jpg,bottom_url_mask_candidate,OCR detected URL in bottom 15 percent,www.parete.nei
48-steel-raised-floor-c1/images_C3-600_Indepedent_support_raised_floor_system-5.jpg,bottom_url_mask_candidate,OCR detected URL in bottom 15 percent,www.parete.net
48-steel-raised-floor-c1/images_C3-600_Indepedent_support_raised_floor_system-6.jpg,bottom_url_mask_candidate,OCR detected URL in bottom 15 percent,www.parete.net
48-steel-raised-floor-c1/images_C3-600_Indepedent_support_raised_floor_system-7.jpg,bottom_url_mask_candidate,OCR detected URL in bottom 15 percent,www.parete-accessfloor.com; www_parete.net
48-steel-raised-floor-c1/images_C3-600_Indepedent_support_raised_floor_system-9.jpg,bottom_url_mask_candidate,OCR detected URL in bottom 15 percent,www.parete-accessfloor.com; www.parete.nei
49-steel-access-floor-hpl/49-367-thickbox_steel-access-floor-hpl-cn.jpg,easy_footer_crop_or_cover,filename template and visual spot check,export@parete.netJ
49-steel-access-floor-hpl/49-367-thickbox_steel-access-floor-hpl.jpg,easy_footer_crop_or_cover,filename template and visual spot check,export@parete.netJ
50-steel-access-floor-hpl/50-368-thickbox_steel-access-floor-hpl-cn.jpg,easy_footer_crop_or_cover,filename template and visual spot check,export@parete.netJ
50-steel-access-floor-hpl/50-368-thickbox_steel-access-floor-hpl.jpg,easy_footer_crop_or_cover,filename template and visual spot check,export@parete.netJ
50-steel-access-floor-hpl/images_C4-OA_600-Bracing_Support_Raised_floor-1.jpg,bottom_url_mask_candidate,OCR detected URL in bottom 15 percent,www.parete-accessfloor.com; www.parete.net
50-steel-access-floor-hpl/images_C4-OA_600-Bracing_Support_Raised_floor-10.jpg,bottom_url_mask_candidate,OCR detected URL in bottom 15 percent,www.parete.nei
50-steel-access-floor-hpl/images_C4-OA_600-Bracing_Support_Raised_floor-11.jpg,bottom_url_mask_candidate,OCR detected URL in bottom 15 percent,www.parete.nei
50-steel-access-floor-hpl/images_C4-OA_600-Bracing_Support_Raised_floor-12.jpg,bottom_url_mask_candidate,OCR detected URL in bottom 15 percent,www.parete.net
50-steel-access-floor-hpl/images_C4-OA_600-Bracing_Support_Raised_floor-13.jpg,bottom_url_mask_candidate,OCR detected URL in bottom 15 percent,www.parete.net
50-steel-access-floor-hpl/images_C4-OA_600-Bracing_Support_Raised_floor-14.jpg,bottom_url_mask_candidate,OCR detected URL in bottom 15 percent,www.parete.net
50-steel-access-floor-hpl/images_C4-OA_600-Bracing_Support_Raised_floor-16.png,bottom_url_mask_candidate,OCR detected URL in bottom 15 percent,www.parete.net
50-steel-access-floor-hpl/images_C4-OA_600-Bracing_Support_Raised_floor-2.JPG,bottom_url_mask_candidate,OCR detected URL in bottom 15 percent,www.parete.net
50-steel-access-floor-hpl/images_C4-OA_600-Bracing_Support_Raised_floor-3.JPG,bottom_url_mask_candidate,OCR detected URL in bottom 15 percent,www.parete.net
50-steel-access-floor-hpl/images_C4-OA_600-Bracing_Support_Raised_floor-4.JPG,bottom_url_mask_candidate,OCR detected URL in bottom 15 percent,www.parete.net
50-steel-access-floor-hpl/images_C4-OA_600-Bracing_Support_Raised_floor-5.JPG,bottom_url_mask_candidate,OCR detected URL in bottom 15 percent,www.parete.nei
50-steel-access-floor-hpl/images_C4-OA_600-Bracing_Support_Raised_floor-6.JPG,bottom_url_mask_candidate,OCR detected URL in bottom 15 percent,www.parete.net
50-steel-access-floor-hpl/images_C4-OA_600-Bracing_Support_Raised_floor-7.JPG,manual_review,no OCR URL match; may include small low-contrast URLs,
50-steel-access-floor-hpl/images_C4-OA_600-Bracing_Support_Raised_floor-8.JPG,bottom_url_mask_candidate,OCR detected URL in bottom 15 percent,www.parete.net
50-steel-access-floor-hpl/images_C4-OA_600-Bracing_Support_Raised_floor-9.jpg,bottom_url_mask_candidate,OCR detected URL in bottom 15 percent,www.parete.net
51-c5-0a-500-low-height-raised-floor-with-trucks/51-369-thickbox_c5-0a-500-low-height-raised-floor-with-trucks.jpg,easy_footer_crop_or_cover,filename template and visual spot check,export@parete.netJ
51-c5-0a-500-low-height-raised-floor-with-trucks/51-369-thickbox_steel-access-floor-hpl-cn.jpg,easy_footer_crop_or_cover,filename template and visual spot check,export@parete.netJ
51-c5-0a-500-low-height-raised-floor-with-trucks/51-370-thickbox_c5-0a-500-low-height-raised-floor-with-trucks.jpg,easy_footer_crop_or_cover,filename template and visual spot check,export@parete.net
51-c5-0a-500-low-height-raised-floor-with-trucks/51-370-thickbox_steel-access-floor-hpl-cn.jpg,easy_footer_crop_or_cover,filename template and visual spot check,export@parete.net
shared/images_01-__.png,manual_review,no OCR URL match; may include small low-contrast URLs,
shared/images_01-__900.jpg,manual_review,no OCR URL match; may include small low-contrast URLs,
shared/images_01-applications.jpg,manual_review,no OCR URL match; may include small low-contrast URLs,
shared/images_01-loading_capacity.png,manual_review,no OCR URL match; may include small low-contrast URLs,
shared/images_01-steel_hpl.png,bottom_url_mask_candidate,OCR detected URL in bottom 15 percent,www.parete.net
shared/images_01-steel_hpl2.png,bottom_url_mask_candidate,OCR detected URL in bottom 15 percent,www.parete.nei
shared/images_01-steel_hpl3.png,bottom_url_mask_candidate,OCR detected URL in bottom 15 percent,www.parete.nei
shared/images_01-steel_hpl4.png,bottom_url_mask_candidate,OCR detected URL in bottom 15 percent,www.parete.net
shared/images_01-steel_hpl6.png,bottom_url_mask_candidate,OCR detected URL in bottom 15 percent,•www.parete.nei
shared/images_01-steel_hpl7.png,bottom_url_mask_candidate,OCR detected URL in bottom 15 percent,www.parete.net
shared/images_01-steel_hpl_covering.png,bottom_url_mask_candidate,OCR detected URL in bottom 15 percent,PRMAA4½parete.net
shared/images_01-welding.jpg,bottom_url_mask_candidate,OCR detected URL in bottom 15 percent,www.parete.nei
shared/images_C1-OA500-Raised_Floor-1.jpg,bottom_url_mask_candidate,OCR detected URL in bottom 15 percent,www.parete.nei
shared/images_C1-OA500-Raised_Floor-10.jpg,bottom_url_mask_candidate,OCR detected URL in bottom 15 percent,www.parete.net
shared/images_C1-OA500-Raised_Floor-11.jpg,bottom_url_mask_candidate,OCR detected URL in bottom 15 percent,www.parete.nei
shared/images_C1-OA500-Raised_Floor-12.jpg,bottom_url_mask_candidate,OCR detected URL in bottom 15 percent,www.parete.net
shared/images_C1-OA500-Raised_Floor-13.jpg,bottom_url_mask_candidate,OCR detected URL in bottom 15 percent,www.parete.ne
shared/images_C1-OA500-Raised_Floor-14.jpg,bottom_url_mask_candidate,OCR detected URL in bottom 15 percent,www.parete.nei
shared/images_C1-OA500-Raised_Floor-15.jpg,bottom_url_mask_candidate,OCR detected URL in bottom 15 percent,www.parete.net
shared/images_C1-OA500-Raised_Floor-2.jpg,bottom_url_mask_candidate,OCR detected URL in bottom 15 percent,www.parete.net
shared/images_C1-OA500-Raised_Floor-3.jpg,bottom_url_mask_candidate,OCR detected URL in bottom 15 percent,www.parete.nei
shared/images_C1-OA500-Raised_Floor-4.jpg,bottom_url_mask_candidate,OCR detected URL in bottom 15 percent,www.parete.nei
shared/images_C1-OA500-Raised_Floor-6.jpg,bottom_url_mask_candidate,OCR detected URL in bottom 15 percent,www.parete.net
shared/images_C1-OA500-Raised_Floor-7.jpg,manual_review,no OCR URL match; may include small low-contrast URLs,
shared/images_C1-OA500-Raised_Floor-8.jpg,bottom_url_mask_candidate,OCR detected URL in bottom 15 percent,www.parete.net
shared/images_C1-OA500-Raised_Floor-9.jpg,bottom_url_mask_candidate,OCR detected URL in bottom 15 percent,www.parete.nei
shared/images_C4-OA_600-Steel_raised_floor_with_stringer-0.jpg,bottom_url_mask_candidate,OCR detected URL in bottom 15 percent,www.parete-accessfloor.com; www.parete.net
shared/images_C4-OA_600-Steel_raised_floor_with_stringer-01-.jpg,bottom_url_mask_candidate,OCR detected URL in bottom 15 percent,www.parete-accessfloor.com
shared/images_C4-OA_600-Steel_raised_floor_with_stringer-01.jpg,bottom_url_mask_candidate,OCR detected URL in bottom 15 percent,www.parete-accessfloor.com; www.parete.net
shared/images_C4-OA_600-Steel_raised_floor_with_stringer-02.jpg,bottom_url_mask_candidate,OCR detected URL in bottom 15 percent,www.parete.nei
shared/images_C4-OA_600-Steel_raised_floor_with_stringer-03.jpg,bottom_url_mask_candidate,OCR detected URL in bottom 15 percent,www.parete-accessfloor.com; www.parete.net
shared/images_C4-OA_600-Steel_raised_floor_with_stringer-1.jpg,manual_review,no OCR URL match; may include small low-contrast URLs,
shared/images_C4-OA_600-Steel_raised_floor_with_stringer-11.JPG,bottom_url_mask_candidate,OCR detected URL in bottom 15 percent,www.parete.net
shared/images_C4-OA_600-Steel_raised_floor_with_stringer-12.JPG,bottom_url_mask_candidate,OCR detected URL in bottom 15 percent,www.parete.nei
shared/images_C4-OA_600-Steel_raised_floor_with_stringer-13.JPG,bottom_url_mask_candidate,OCR detected URL in bottom 15 percent,www.parete.nei
shared/images_C4-OA_600-Steel_raised_floor_with_stringer-14.JPG,bottom_url_mask_candidate,OCR detected URL in bottom 15 percent,www.parete.nei
shared/images_C4-OA_600-Steel_raised_floor_with_stringer-16.JPG,bottom_url_mask_candidate,OCR detected URL in bottom 15 percent,www.parete.ne
shared/images_C4-OA_600-Steel_raised_floor_with_stringer-17.JPG,bottom_url_mask_candidate,OCR detected URL in bottom 15 percent,www.parete.net
shared/images_C4-OA_600-Steel_raised_floor_with_stringer-18.JPG,bottom_url_mask_candidate,OCR detected URL in bottom 15 percent,www.parete.net
shared/images_C4-OA_600-Steel_raised_floor_with_stringer-19.JPG,bottom_url_mask_candidate,OCR detected URL in bottom 15 percent,www.parete.nei
shared/images_C4-OA_600-Steel_raised_floor_with_stringer-2.jpg,bottom_url_mask_candidate,OCR detected URL in bottom 15 percent,www.parete.nei
shared/images_C4-OA_600-Steel_raised_floor_with_stringer-20.JPG,bottom_url_mask_candidate,OCR detected URL in bottom 15 percent,www.parete.nei
shared/images_C4-OA_600-Steel_raised_floor_with_stringer-21.JPG,manual_review,no OCR URL match; may include small low-contrast URLs,
shared/images_C4-OA_600-Steel_raised_floor_with_stringer-22.JPG,bottom_url_mask_candidate,OCR detected URL in bottom 15 percent,www.parete.nei
shared/images_C4-OA_600-Steel_raised_floor_with_stringer-23.jpg,manual_review,no OCR URL match; may include small low-contrast URLs,
shared/images_C4-OA_600-Steel_raised_floor_with_stringer-3.jpg,bottom_url_mask_candidate,OCR detected URL in bottom 15 percent,www.parete.nei
shared/images_C4-OA_600-Steel_raised_floor_with_stringer-4.jpg,bottom_url_mask_candidate,OCR detected URL in bottom 15 percent,www.parete.net
shared/images_C4-OA_600-Steel_raised_floor_with_stringer-5.jpg,bottom_url_mask_candidate,OCR detected URL in bottom 15 percent,www.parete.nei
shared/images_C4-OA_600-Steel_raised_floor_with_stringer-6.jpg,manual_review,no OCR URL match; may include small low-contrast URLs,
shared/images_C4-OA_600-Steel_raised_floor_with_stringer-7.jpg,bottom_url_mask_candidate,OCR detected URL in bottom 15 percent,www.parete.nei
shared/images_C4-OA_600-Steel_raised_floor_with_stringer-8.jpg,manual_review,no OCR URL match; may include small low-contrast URLs,
shared/images_C4-OA_600-Steel_raised_floor_with_stringer-9.jpg,bottom_url_mask_candidate,OCR detected URL in bottom 15 percent,www.parete.net
shared/images_af-12-.png,manual_review,no OCR URL match; may include small low-contrast URLs,
shared/images_af-12-alumium2.png,manual_review,no OCR URL match; may include small low-contrast URLs,
shared/images_af-12-app3.jpg,bottom_url_mask_candidate,OCR detected URL in bottom 15 percent,www.parete.net
shared/images_af-12-app4.jpg,bottom_url_mask_candidate,OCR detected URL in bottom 15 percent,mnwwtparete.net
shared/images_af-12-in.jpg,bottom_url_mask_candidate,OCR detected URL in bottom 15 percent,www.parete.nei
shared/images_af-12-loading-n.png,manual_review,no OCR URL match; may include small low-contrast URLs,
shared/images_af-12-pvc.png,bottom_url_mask_candidate,OCR detected URL in bottom 15 percent,www.parete.nei
shared/images_af-12-solid_aluminum.png,bottom_url_mask_candidate,OCR detected URL in bottom 15 percent,Back side of aluminum anti-static acow%w.parete.net
shared/images_af-6-ap1.jpg,bottom_url_mask_candidate,OCR detected URL in bottom 15 percent,www.parete.net
shared/images_af-6-ap2.jpg,bottom_url_mask_candidate,OCR detected URL in bottom 15 percent,www.parete.nei
shared/images_af-6-ap3.jpg,bottom_url_mask_candidate,OCR detected URL in bottom 15 percent,www.parete.nei
shared/images_af-6-ap4.jpg,bottom_url_mask_candidate,OCR detected URL in bottom 15 percent,www.parete.nei
shared/images_af-6-ap6.jpg,manual_review,no OCR URL match; may include small low-contrast URLs,
shared/images_af-6-ap7.jpg,manual_review,no OCR URL match; may include small low-contrast URLs,
shared/images_af-6-computer.png,bottom_url_mask_candidate,OCR detected URL in bottom 15 percent,www.parete.net
shared/images_af-6-morn.png,bottom_url_mask_candidate,OCR detected URL in bottom 15 percent,www.parete.net
shared/images_af12-a1.jpg,bottom_url_mask_candidate,OCR detected URL in bottom 15 percent,www.parete.nei
shared/images_af12-a11.jpg,bottom_url_mask_candidate,OCR detected URL in bottom 15 percent,www.parete.net
shared/images_af12-a12.jpg,bottom_url_mask_candidate,OCR detected URL in bottom 15 percent,www.parete.net
shared/images_af12-a2.jpg,bottom_url_mask_candidate,OCR detected URL in bottom 15 percent,www.parete.nei
shared/images_af12-a3.jpg,bottom_url_mask_candidate,OCR detected URL in bottom 15 percent,www.parete.net
shared/images_af12-a4.jpg,bottom_url_mask_candidate,OCR detected URL in bottom 15 percent,www.parete.net
shared/images_af12-a5.jpg,bottom_url_mask_candidate,OCR detected URL in bottom 15 percent,www.parete.net
shared/images_af12-a6.jpg,bottom_url_mask_candidate,OCR detected URL in bottom 15 percent,www.parete.net
shared/images_af12-a7.jpg,bottom_url_mask_candidate,OCR detected URL in bottom 15 percent,www.parete.nei
shared/images_af12-a8.jpg,bottom_url_mask_candidate,OCR detected URL in bottom 15 percent,www.parete.net
shared/images_af12-app1.jpg,bottom_url_mask_candidate,OCR detected URL in bottom 15 percent,www.parete.net
shared/images_af12-app2.jpg,manual_review,no OCR URL match; may include small low-contrast URLs,
shared/images_calcium_sulphate.png,manual_review,no OCR URL match; may include small low-contrast URLs,
shared/images_calcium_sulphate_access_floor900.png,bottom_url_mask_candidate,OCR detected URL in bottom 15 percent,www.parete.nei
shared/images_calcium_sulphate_access_floor_loading_capacity900.png,manual_review,no OCR URL match; may include small low-contrast URLs,
shared/images_calcium_sulphate_quality_control.png,bottom_url_mask_candidate,OCR detected URL in bottom 15 percent,Quality control is impwww.parete.net
shared/images_production1.png,bottom_url_mask_candidate,OCR detected URL in bottom 15 percent,www.parete.nei
shared/images_production3.png,bottom_url_mask_candidate,OCR detected URL in bottom 15 percent,www.parete.net
shared/images_production4.jpg,bottom_url_mask_candidate,OCR detected URL in bottom 15 percent,www.parete.net
shared/images_production5.jpg,bottom_url_mask_candidate,OCR detected URL in bottom 15 percent,www.parete.nei
shared/images_production6.jpg,bottom_url_mask_candidate,OCR detected URL in bottom 15 percent,www.parete.nei
shared/images_production7.jpg,bottom_url_mask_candidate,OCR detected URL in bottom 15 percent,ww.parete.net
shared/images_production8.jpg,bottom_url_mask_candidate,OCR detected URL in bottom 15 percent,www.parete.net
